Fantallenatore;Ruolo;Calciatore;Squadra Serie A;Fascia;Prezzo
Lollo;P;Provedel;Inter;Scommesse;18
Bale;P;Martinez Jo.;Inter;Prima fascia;49
Amo;P;Svilar;Roma;Prima fascia;63
Anto;P;Meret;Napoli;Prima fascia;48
Zambro;P;Okoye;Udinese;Terza fascia;29
Beppe;P;Maignan;Milan;Prima fascia;55
Alle;P;De Gea;Fiorentina;Seconda fascia;32
Zambro;P;Butez;Como;Prima fascia;46
Cava;P;Carnesecchi;Atalanta;Prima fascia;35
Lollo;P;Vicario;Juventus;Prima fascia;35
Amo;P;Mandas;Lazio;Seconda fascia;15
Lollo;P;Grabara;Juventus;Scommesse;6
Anto;P;Falcone;Lecce;Terza fascia;7
Alle;P;Corvi;Parma;Quarta fascia;5
Bale;P;Skorupski;Bologna;Seconda fascia;5
Beppe;P;Terracciano;Milan;Da assegnare;1
Amo;P;Motta;Lazio;Outsider;1
Zambro;P;Bijlow;Genoa;Terza fascia;2
Alle;P;Muric;Sassuolo;Quarta fascia;1
Anto;P;Milinkovic-Savic V.;Napoli;Scommesse;3
Bale;P;Caprile;Cagliari;Terza fascia;6
Beppe;P;Torriani;Milan;Da assegnare;1
Cava;P;Sportiello;Atalanta;Da assegnare;1
Cava;P;Daffara;Parma;Outsider;1
Amo;D;Dimarco;Inter;Prima fascia;75
Beppe;D;Wesley;Roma;Prima fascia;61
Cava;D;Spence;Inter;Seconda fascia;30
Bale;D;Solet;Udinese;Prima fascia;26
Alle;D;Delprato;Parma;Quarta fascia;9
Alle;D;Kossounou;Atalanta;Scommesse;6
Bale;D;Bremer;Juventus;Prima fascia;39
Alle;D;Pavlovic;Milan;Seconda fascia;28
Beppe;D;Bastoni;Inter;Prima fascia;37
Lollo;D;Molina N.;Roma;Prima fascia;48
Cava;D;Bellanova;Atalanta;Scommesse;9
Bale;D;Jimenez A.;Fiorentina;Seconda fascia;19
Lollo;D;Cambiaso;Juventus;Terza fascia;9
Anto;D;Gila;Milan;Terza fascia;22
Lollo;D;Idzes;Sassuolo;Quarta fascia;2
Bale;D;Rrahmani;Napoli;Prima fascia;25
Anto;D;Akanji;Inter;Prima fascia;38
Zambro;D;Mancini;Roma;Prima fascia;27
Amo;D;Doekhi;Lazio;Quarta fascia;7
Zambro;D;Vojvoda;Udinese;Terza fascia;17
Amo;D;N'Dicka;Roma;Seconda fascia;24
Bale;D;Norton-Cuffy;Genoa;Terza fascia;13
Amo;D;Stones;Inter;Scommesse;16
Anto;D;Dragusin;Fiorentina;Terza fascia;9
Amo;D;Bisseck;Inter;Seconda fascia;33
Lollo;D;Di Lorenzo;Napoli;Seconda fascia;25
Alle;D;Troilo;Parma;Titolari scarsi;7
Beppe;D;Pedraza;Lazio;Quarta fascia;3
Alle;D;Dodò;Fiorentina;Scommesse;1
Lollo;D;Tiago Gabriel;Lecce;Quarta fascia;6
Anto;D;Valeri;Parma;Seconda fascia;7
Bale;D;Ramon;Como;Seconda fascia;23
Beppe;D;Ostigard;Genoa;Seconda fascia;18
Cava;D;Zappacosta;Atalanta;Seconda fascia;5
Zambro;D;Kalulu;Juventus;Seconda fascia;35
Bale;D;Koulierakis;Roma;Scommesse;7
Alle;D;Obert;Cagliari;Quarta fascia;1
Lollo;D;Doig;Sassuolo;Titolari scarsi;1
Amo;D;Scalvini;Atalanta;Seconda fascia;7
Zambro;D;Miranda J.;Bologna;Terza fascia;12
Cava;D;Lucumì;Juventus;Scommesse;11
Anto;D;Spinazzola;Napoli;Seconda fascia;16
Cava;D;Badiashile;Napoli;Scommesse;4
Anto;D;Valle;Como;Terza fascia;2
Alle;D;Celik;Juventus;Terza fascia;17
Cava;D;Obrador;Sassuolo;Scommesse;2
Zambro;D;Coco;Torino;Quarta fascia;1
Anto;D;Kaiki;Como;Scommesse;1
Cava;D;Chalobah T.;Como;Seconda fascia;34
Alle;D;Kelly L.;Juventus;Terza fascia;5
Zambro;D;Valdepenas;Fiorentina;Scommesse;19
Lollo;D;Bernasconi;Atalanta;Terza fascia;4
Beppe;D;Mina;Cagliari;Quarta fascia;4
Amo;D;Hermoso;Roma;Terza fascia;7
Anto;D;Bartesaghi;Milan;Terza fascia;1
Cava;D;Couto;Como;Terza fascia;7
Beppe;D;Gabbia;Milan;Terza fascia;1
Zambro;D;Carlos Augusto;Inter;Scommesse;4
Lollo;D;Vasquez;Genoa;Terza fascia;2
Zambro;D;Estupinan;Milan;Scommesse;1
Beppe;D;Joao Mario;Fiorentina;Scommesse;1
Amo;D;Kamara H.;Udinese;Quarta fascia;1
Bale;D;Kristensen T.;Atalanta;Quarta fascia;1
Beppe;D;Lulli;Roma;Scommesse;1
Bale;C;Atta;Fiorentina;Seconda fascia;27
Amo;C;Zhegrova;Juventus;Scommesse;1
Cava;C;McTominay;Napoli;Prima fascia;80
Alle;C;Loftus-Cheek;Milan;Outsider;5
Beppe;C;Gaetano;Atalanta;Quarta fascia;20
Zambro;C;Njie;Torino;Scommesse;5
Anto;C;Paz N.;Como;Prima fascia;88
Alle;C;Calhanoglu;Inter;Prima fascia;100
Lollo;C;Barella;Inter;Seconda fascia;41
Anto;C;Orsolini;Bologna;Prima fascia;80
Lollo;C;McKennie;Juventus;Seconda fascia;31
Zambro;C;Ekkelenkamp;Udinese;Terza fascia;22
Lollo;C;Rabiot;Milan;Seconda fascia;40
Bale;C;Diouf;Inter;Seconda fascia;21
Alle;C;Konè M.;Roma;Terza fascia;14
Amo;C;Mora;Roma;Seconda fascia;45
Anto;C;De Bruyne;Napoli;Seconda fascia;49
Cava;C;Moreira;Milan;Seconda fascia;32
Beppe;C;Alajbegovic;Juventus;Seconda fascia;40
Alle;C;Zambo Anguissa;Napoli;Scommesse;15
Anto;C;Pulisic;Milan;Prima fascia;85
Beppe;C;Frattesi;Lazio;Seconda fascia;38
Zambro;C;Bernabè;Parma;Terza fascia;6
Alle;C;Baturina;Como;Seconda fascia;41
Beppe;C;Da Cunha;Como;Seconda fascia;51
Anto;C;Thuram K.;Juventus;Quarta fascia;2
Amo;C;Conceicao;Juventus;Seconda fascia;34
Bale;C;Bernardeschi;Bologna;Terza fascia;11
Alle;C;Locatelli;Juventus;Quarta fascia;7
Cava;C;Jones C.;Inter;Seconda fascia;20
Amo;C;Modric;Milan;Terza fascia;8
Cava;C;Douglas Luiz;Juventus;Scommesse;5
Lollo;C;Zaniolo;Udinese;Seconda fascia;24
Beppe;C;Vlasic;Torino;Seconda fascia;30
Zambro;C;Cissè A.;Milan;Scommesse;12
Alle;C;Ederson D.S.;Atalanta;Terza fascia;16
Zambro;C;Calò;Frosinone;Terza fascia;4
Cava;C;Mastantuono;Fiorentina;Seconda fascia;37
Zambro;C;Rowe;Bologna;Seconda fascia;20
Cava;C;Zaccagni;Lazio;Seconda fascia;40
Bale;C;Gudmundsson A.;Fiorentina;Terza fascia;15
Bale;C;Taylor K.;Lazio;Seconda fascia;10
Zambro;C;Isaksen;Lazio;Seconda fascia;3
Alle;C;Zalewski;Atalanta;Scommesse;1
Lollo;C;Ndour;Fiorentina;Scommesse;3
Amo;C;Chukwueze;Milan;Scommesse;4
Beppe;C;Perrone;Como;Quarta fascia;5
Cava;C;Milla;Como;Outsider;1
Lollo;C;Zielinski;Inter;Seconda fascia;25
Amo;C;Schmid;Frosinone;Quarta fascia;1
Bale;C;Samardzic;Atalanta;Terza fascia;5
Anto;C;Politano;Napoli;Scommesse;5
Amo;C;Vergara;Napoli;Seconda fascia;4
Anto;C;Sucic P.;Inter;Scommesse;3
Beppe;C;Cristante;Roma;Quarta fascia;2
Amo;C;Rodriguez Je.;Como;Seconda fascia;6
Bale;C;Thorstvedt;Sassuolo;Scommesse;1
Lollo;C;Pasalic;Atalanta;Scommesse;1
Zambro;C;Odgaard;Bologna;Scommesse;1
Anto;C;Pellegrini Lo.;Roma;Outsider;1
Cava;C;Volpato;Sassuolo;Scommesse;1
Beppe;C;Diallo O.;Parma;Scommesse;1
Lollo;C;Baldanzi;Genoa;Terza fascia;1
Bale;C;Liberali;Como;Scommesse;1
Bale;A;Ramos G.;Milan;Prima fascia;141
Bale;A;Kean;Fiorentina;Seconda fascia;104
Amo;A;Malen;Roma;Prima fascia;221
Alle;A;Esposito F.P.;Inter;Scommesse;57
Anto;A;Davis K.;Udinese;Seconda fascia;76
Lollo;A;Martinez L.;Inter;Prima fascia;226
Beppe;A;Douvikas;Como;Seconda fascia;70
Zambro;A;Dybala;Roma;Seconda fascia;52
Bale;A;Castro S.;Roma;Scommesse;28
Anto;A;Dovbyk;Bologna;Terza fascia;22
Cava;A;Yildiz;Juventus;Scommesse;43
Beppe;A;Kolo Muani;Juventus;Prima fascia;100
Lollo;A;Berardi;Sassuolo;Terza fascia;34
Anto;A;Santos A.;Napoli;Terza fascia;22
Zambro;A;Thuram;Inter;Prima fascia;206
Amo;A;Maldini;Cagliari;Quarta fascia;1
Bale;A;Varela G.;Monza;Quarta fascia;7
Alle;A;Krstovic;Atalanta;Scommesse;30
Cava;A;Hojlund;Napoli;Seconda fascia;60
Alle;A;Scamacca;Atalanta;Seconda fascia;140
Amo;A;Colombo;Genoa;Terza fascia;15
Cava;A;Pellegrino M.;Fiorentina;Scommesse;16
Alle;A;De Ketelaere;Atalanta;Terza fascia;20
Amo;A;Diao;Como;Terza fascia;1
Beppe;A;Laurientè;Sassuolo;Terza fascia;24
Anto;A;Piccoli;Bologna;Scommesse;10
Cava;A;Raspadori;Atalanta;Terza fascia;40
Zambro;A;Vitinha O.;Genoa;Quarta fascia;1
Amo;A;Bonny;Inter;Scommesse;8
Cava;A;Pinamonti;Lazio;Terza fascia;21
Beppe;A;Dia;Lazio;Scommesse;1
Zambro;A;Esposito Se.;Cagliari;Scommesse;2
Bale;A;Adams A.;Venezia;Terza fascia;9
Alle;A;Bowie;Sassuolo;Terza fascia;12
Bale;A;Soulè;Roma;Scommesse;4
Zambro;A;Elphege;Parma;Scommesse;1
Anto;A;Noslin;Lazio;Scommesse;1
Cava;A;Boga;Juventus;Scommesse;5
Beppe;A;Romero D.;Parma;Scommesse;1
Zambro;A;Simeone;Torino;Seconda fascia;35
Alle;A;Mendy P.;Cagliari;Scommesse;1
Lollo;A;Geubbels;Lecce;Quarta fascia;3
Beppe;A;Yeboah J.;Venezia;Quarta fascia;2
Amo;A;Raimondo;Frosinone;Quarta fascia;1
Lollo;A;Neres;Napoli;Scommesse;1
Anto;A;Tourè E.;Parma;Quarta fascia;1
Lollo;A;Lontani;Parma;Scommesse;1
Lollo;A;Adams C.;Torino;Scommesse;1
